front_shock [mm],front_shock [mm]_vel,front_shock [mm]_acc,front_shock [mm]_norm,rear_shock [mm],rear_shock [mm]_vel,rear_shock [mm]_acc,rear_shock [mm]_norm,t
38.059399,110.78965571095648,37.01193473204694,0.22387881764705883,33.26886,126.32609409479517,240.23645687656608,0.20162945454545453,132.998
38.357124,106.99001270396366,-1105.7727738926515,0.2256301411764706,33.457378,124.34376740481866,-1388.646526806424,0.20277198787878786,133.0
39.796139,88.1478979020988,-1559.1925407924318,0.23409493529411762,35.09124,100.61860695415749,-1804.6620979020045,0.21267418181818182,133.002
39.895382,68.39583403263481,-1309.3517948716726,0.2346787176470588,35.342606,71.96173566433669,-1787.0890442889431,0.21419761212121213,133.004
39.796139,53.384149028749846,-916.0850349649118,0.23409493529411762,35.154079,49.9747064102574,-1218.7341724940961,0.21305502424242426,133.006
40.093864,44.477731585082665,-360.88456876446435,0.23584625882352944,35.342606,45.323950233100845,-451.1670862469837,0.21419761212121213,133.008
40.292351,52.63606550116663,476.5435897436946,0.2370138294117647,35.468285,48.14362917637993,855.4475524476184,0.21495930303030303,133.01
40.788559,83.10276961927048,1966.339673659746,0.2399327,36.159531,90.1326722610728,2572.224428904534,0.21914867272727273,133.012
41.284771,93.48002443667536,971.6093240094378,0.24285159411764706,36.662258,104.68568407148473,2068.3346386947414,0.22219550303030303,133.014
41.68174,87.50203815073911,175.8181818183184,0.24518670588235292,37.164986,104.6100430069938,960.9267132868154,0.2252423393939394,133.016
42.12833,83.58868376068523,-97.15953379940038,0.24781370588235294,37.479187,99.63039930069988,775.4139860140822,0.2271465878787879,133.018
42.475677,77.28101794871895,-240.58517482505704,0.24985692352941175,38.233276,98.41606122766228,604.8827039628195,0.2317168242424242,133.02
42.971889,79.83331219891363,-222.07934731925707,0.2527758176470588,38.547482,110.53572808857899,731.427878788003,0.23362110303030303,133.022
43.170376,79.67336227661326,-32.38769230756952,0.2539433882352941,39.175892,115.79910505050577,676.3966433567548,0.23742964848484846,133.024
43.716206,79.50178329448465,13.877109557237418,0.2571541529411765,39.678616,120.06403780108894,352.871608391717,0.2404764606060606,133.026
44.113174,81.05361930847016,-4.631794871675083,0.2594892588235294,40.484394,116.30456911422033,198.5332400933621,0.24535996363636364,133.028
44.559765,80.77399568764804,-157.30815850802173,0.26211626470588234,41.037231,121.13948376068441,126.60251748262453,0.2487104909090909,133.03
44.807873,78.36431406371605,55.520559440672514,0.2635757235294118,41.467213,115.49000648795771,-255.88251748240873,0.25131644242424245,133.032
45.304081,72.48461243201382,259.09818181828086,0.26649459411764703,42.142902,114.18538780108861,-218.98899766889008,0.25541152727272726,133.034
45.70105,79.34364891220048,559.8285314686582,0.26882970588235294,42.634315,114.12010571095675,-388.1236363635544,0.25838978787878786,133.036
46.048397,4.821364763016163,10220.331748251898,0.2708729235294118,43.371433,-1.1899602175589052,13886.564941725017,0.2628571696969697,133.038
46.395748,91.84534945610164,13662.584149184288,0.2729161647058823,43.801418,108.07494933955013,19638.16736596747,0.2654631393939394,133.04
46.941578,235.4575149572662,12265.326899767024,0.2761269294117647,44.41568,316.546055361307,18187.300699300835,0.2691859393939394,133.042
47.537033,369.76028966589126,7703.416317016439,0.27962960588235297,44.968517,517.151201087803,11875.53193473203,0.27253646666666664,133.044
47.88438,438.72667909868085,1027.1192540793709,0.28167282352941175,45.398502,625.9391329059848,2668.7626107227443,0.2751424363636364,133.046
55.228306,417.347520046622,-5889.761864801712,0.32487238823529413,56.03175,615.6325876456896,-7229.768391608235,0.33958636363636363,133.048
55.426792,314.831977078479,-11599.081585081436,0.3260399529411765,56.754913,474.28612455322616,-15752.708158507994,0.3439691696969697,133.05
55.625275,164.45331825951985,-14689.703962703818,0.3272075,56.935707,258.3200522144539,-21016.983403263246,0.3450648909090909,133.052
55.674896,18.310068648019865,-14726.714871794687,0.3274993882352941,56.995972,36.50672956488131,-21562.199999999837,0.34543013333333333,133.054
55.674896,-64.2317712898199,-10280.481305361147,0.3274993882352941,57.176762,-87.1636453768433,-15383.003916083748,0.3465258303030303,133.056
55.823761,19.698079020981254,-64.77594405576019,0.32837506470588235,57.237026,32.346696581198785,-477.615664335528,0.3468910666666667,133.058
55.972622,22.3988771950294,92.53501165518901,0.3292507176470588,57.658871,39.26037350427498,455.1373426574901,0.34944770303030304,133.06
56.171108,26.017292773894496,-18.505547785400267,0.3304182823529412,57.839664,42.99710846931009,235.99664335681518,0.35054341818181817,133.062
56.121487,22.287078710180367,-120.29482517465658,0.33012639411764705,57.96019,41.73281604506815,-84.2839160837757,0.35127387878787875,133.064
56.319969,18.971296425797846,-263.72111888099244,0.33129393529411766,58.140984,40.56452334887513,-297.8105361303824,0.3523696,133.066
56.419212,18.822878438229736,-226.70648018630527,0.3318777176470588,58.321774,35.21472540792752,-247.24055944041902,0.353465296969697,133.068
56.518456,16.87575093240241,69.40214452230794,0.33246150588235296,58.683357,38.01475757575952,101.1406993008568,0.3556567090909091,133.07
56.518456,17.949599378400876,309.9895571097004,0.33246150588235296,58.743618,35.83046670551835,303.42032634049974,0.35602192727272725,133.072
56.716938,15.43386313131441,578.3335198136629,0.3336290470588235,58.924412,29.16664728049909,1208.4268531470516,0.35711764848484845,133.074
56.76656,18.38136460761598,1452.7745454547075,0.3339209411764706,59.044937,34.1595562548581,2295.911888112063,0.357848103030303,133.076
56.816181,26.190803496505623,2262.4484848486245,0.3342128294117647,59.346256,51.37565547785812,3298.8639627041593,0.3596742787878788,133.078
57.064289,44.817110761462686,2461.3978554779933,0.33567228823529416,59.52705,80.12547140637344,4000.8801864803427,0.36077000000000004,133.08
57.21315,61.13006627816776,2540.0459673661135,0.3365479411764706,59.888626,107.31461818181981,3856.4819580420917,0.3629613696969697,133.082
57.560497,79.21838154623254,2600.1898368299953,0.3385911588235294,60.716499,132.90510947941152,3379.022843822986,0.36797878181818183,133.084
58.106331,23.788802486404506,10423.908438228635,0.3418019470588235,61.424042,30.24903593628767,16870.32289044305,0.37226692121212124,133.086
58.701786,104.70372113442318,12589.187505827653,0.34530462352941177,62.19054,161.60860396270596,21106.865734265888,0.3769123636363636,133.088
58.999512,234.13312933178122,10622.847086247235,0.34705595294117647,62.957043,375.7993978632495,17823.8714219116,0.3815578363636364,133.09
59.594963,342.1081005050522,5741.697342657499,0.35055860588235294,63.723549,561.8751956487976,10330.346480186672,0.38620332727272727,133.092
60.190418,391.90837700077816,-106.41967365947494,0.3540612823529412,64.490051,658.8747388500409,744.2049417251619,0.3908487939393939,133.094
66.641167,369.49017715617913,-5843.492587412402,0.3920068647058823,75.53138,624.9517759129772,-9308.262843822653,0.4577659393939394,133.096
66.790024,250.32243904429106,-7379.546293706117,0.3928824941176471,75.878723,421.47863776223926,-11610.391608391372,0.45987104848484844,133.098
66.839645,135.20683418803583,-8753.665547785371,0.3931743823529412,75.878723,242.17635994561147,-14089.11365967345,0.45987104848484844,133.1
66.839645,53.54023108003253,-8304.874685314528,0.3931743823529412,76.052391,103.04339067599267,-14047.660512820315,0.4609235818181818,133.102
66.938889,38.68493220668313,-5316.037389277197,0.3937581705882353,76.110283,72.68990054390201,-9471.304428904245,0.46127444242424237,133.104
67.038132,148.00194285159455,1346.3765967367872,0.3943419529411765,76.283943,255.57398966589255,1913.4136130538172,0.46232692727272723,133.106
69.469566,152.30277964258164,-1119.656223776059,0.40864450588235296,80.782745,258.9410454545475,-2090.217156176892,0.48959239393939397,133.108
69.767296,122.57450473970607,-3483.903030302863,0.4103958588235294,80.952805,205.7707184926203,-6198.531002330776,0.4906230606060606,133.11
69.916161,67.91014759129939,-4969.071142190929,0.41127153529411764,81.236237,115.41250543900719,-8736.377249417033,0.49234083030303033,133.112
69.965782,13.853028127429184,-5316.071794871634,0.4115634235294118,81.292931,19.826600893552836,-9506.277296037078,0.4926844303030303,133.114
69.916161,-18.344990404039095,-4034.4792540790368,0.41127153529411764,81.236237,-39.5393363247847,-6736.0070862468565,0.49234083030303033,133.116
69.965782,3.2575615773126856,-356.2611655009823,0.4115634235294118,81.406296,7.086865073816966,-332.9778088576204,0.4933714909090909,133.118
70.015396,7.4100564102584485,92.53930069949274,0.4118552705882353,81.406296,6.76314199689466,237.8631235433495,0.4933714909090909,133.12
70.164261,9.282059634810594,425.66946386967174,0.4127309470588235,81.519676,15.264124825176737,528.5671794873706,0.49405864242424247,133.122
70.114639,13.444338772340188,286.8706759908746,0.41243905294117644,81.406296,20.807577389280027,280.1514219116434,0.4933714909090909,133.124
70.114639,14.175136402487396,55.53585081606434,0.41243905294117644,81.689735,20.39356048951265,126.85333333354356,0.495089303030303,133.126
70.313126,15.499607731159585,-97.1509557107347,0.41360662352941174,81.746422,22.21702863248038,190.26927738950326,0.49543286060606057,133.128
70.313126,14.30235194250281,-111.04186480168573,0.41360662352941174,81.973175,20.56296184926316,52.8512820515607,0.49680712121212117,133.13
70.511612,12.522985314686707,50.89379953395837,0.4147741882352941,81.973175,20.567373504275906,-142.70722610705707,0.49680712121212117,133.132
70.46199,11.03856643356744,-263.7231701629862,0.41448229411764703,81.973175,16.259558197360207,-412.27505827482673,0.49680712121212117,133.134
70.511612,7.611035081587147,-185.07906759886828,0.4147741882352941,82.143234,16.41379098679363,-52.859300699143205,0.49783778181818183,133.136
70.511612,10.498727661229623,-83.2841025639209,0.4147741882352941,82.256607,16.94675773115955,-100.42955710941169,0.4985248909090909,133.138
70.610855,9.413408041959883,-60.15748251728655,0.4153579705882353,82.369987,16.942443978245137,190.2737529139631,0.4992120424242424,133.14
70.75972,11.424007148408577,92.5229836831495,0.41623364705882354,82.369987,15.151840481741488,158.56484848500259,0.4992120424242424,133.142
70.660477,5.360956682207757,439.53016317033325,0.41564986470588233,82.426674,11.302129292931,660.692494172712,0.49955560000000004,133.144
70.809334,6.7354238150757055,842.060326340521,0.4165254941176471,82.596733,18.966112587414273,1099.3864801867458,0.5005862606060606,133.146
70.75972,14.1786631701641,962.3604662006255,0.41623364705882354,82.596733,25.460725058276694,1738.9354778556954,0.5005862606060606,133.148
70.858955,24.598568531470278,1110.410163170418,0.41681738235294113,82.823479,40.460685120437915,1775.9483449885156,0.5019604787878789,133.15
70.908577,35.82416946387116,943.8471794873913,0.4171092764705882,82.936859,49.2811047397073,1855.2205128207497,0.5026476303030303,133.152
71.30555,39.783801476303324,379.38703962721775,0.41944441176470587,83.390358,63.30530738150935,1464.0892307694012,0.5053961090909092,133.154
71.504036,41.54757012432162,-4.632913752771856,0.42061197647058823,83.560417,74.68890679875904,787.5353846155485,0.5064267696969698,133.156
71.603279,33.86342723387929,-402.517575757367,0.42119575882352944,84.127289,72.80361662781888,153.27319347338926,0.5098623575757576,133.158
71.801758,29.205766822068313,-758.7791142188871,0.42236328235294124,84.297356,70.1827352369869,-285.41827505804395,0.5108930666666667,133.16
71.901001,22.963643512044996,-916.0799067596963,0.42294706470588234,84.86422,65.18586033411225,-946.0973426571218,0.514328606060606,133.162
72.000244,21.07850862470957,-499.6811188809079,0.4235308470588235,85.034286,62.01467832168032,-1353.082331002086,0.5153593090909091,133.164
72.099487,19.692406099457685,-545.9419114216871,0.4241146294117647,85.204346,51.139781468533556,-1897.4964102561862,0.5163899757575757,133.166
72.297974,16.359259362861167,-656.9828438226396,0.4252822,85.601158,42.5244646464655,-1892.213146852897,0.5187948969696969,133.168
72.248352,13.141774358975908,-559.8394405592189,0.4249903058823529,85.827911,14.729308935510971,-533.8358041955944,0.5201691575757575,133.17
72.297974,9.11456686091833,-559.8421445219356,0.4252822,85.884598,15.176232400934396,792.8116550118648,0.5205127151515151,133.172
72.446831,7.045873465424165,-638.4853146851674,0.4261578294117647,85.884598,24.800230808082688,1178.651748251963,0.5205127151515151,133.174
72.397217,4.115630497281927,-573.7035897434107,0.42586598235294115,85.884598,41.488974864026886,1374.2204195806698,0.5205127151515151,133.176
72.397217,1.5729859362882053,-333.1091841489979,0.42586598235294115,85.884598,63.95235889666094,1289.6598601401056,0.5205127151515151,133.178
72.446831,-3.0516601398583134,-323.85631701612147,0.4261578294117647,86.961655,77.19916188811374,470.42275058299856,0.5270403333333333,133.18
72.446831,-4.412483993781734,-60.14797202774207,0.4261578294117647,87.1884,72.86958636363852,-576.107505827269,0.5284145454545455,133.182
72.347595,-1.544024164723396,185.05473193494254,0.42557408823529413,87.358459,56.49127890443128,-1612.0712354310162,0.5294452060606061,133.184
72.347595,0.16778500388613793,78.65641025661898,0.42557408823529413,87.585213,30.453603651906064,-1828.7772494170567,0.5308194727272727,133.186
72.397217,1.3649224553248587,129.53958041974693,0.42586598235294115,87.698586,16.566002175603785,-1596.218088577887,0.5315065818181819,133.188
72.397217,3.5353673659687956,157.28969696992863,0.42586598235294115,87.75528,27.37270637140807,-459.8384149181875,0.5318501818181818,133.19
72.446831,4.333289821291373,-18.5077855475829,0.4261578294117647,87.925339,27.156844560995864,-496.8588344986274,0.5328808424242424,133.192
72.446831,1.4128599067619234,-217.43832167812798,0.4261578294117647,87.982025,25.700899106451516,-623.7193473190782,0.5332243939393939,133.194
72.397217,-0.578344988342451,-208.18181818162702,0.42586598235294115,88.322151,21.751941258743955,-554.9932867130701,0.5352857636363637,133.196
72.446831,-1.4244268065262986,-120.27636363615602,0.4261578294117647,88.322151,17.615941996895458,-824.5544988342226,0.5352857636363637,133.198
72.446831,-2.740913286712839,4.626013986235193,0.4261578294117647,88.322151,7.57344191919492,-650.1166433564649,0.5352857636363637,133.2
72.397217,-0.9618254079246071,55.51216783235577,0.42586598235294115,88.37883,6.322472455324942,-628.9681118878725,0.5356292727272727,133.202
72.397217,0.765394638695625,-106.41930069908267,0.42586598235294115,88.37883,5.600221561775015,-713.5282051279137,0.5356292727272727,133.204
72.397217,-0.5994508158488543,-198.9479720278032,0.42586598235294115,88.49221,6.113733294486906,-375.26023309997254,0.5363164242424242,133.206
72.397217,-1.4459358974348788,-129.55636363614758,0.42586598235294115,88.37883,1.2269692307725109,-422.8383216781149,0.5356292727272727,133.208
72.446831,-2.810809906758891,-175.81930069912778,0.4261578294117647,88.605583,-0.6891279331744045,-687.1195337993122,0.5370035333333333,133.21
72.397217,-5.089292424241307,-254.4646153844369,0.42586598235294115,88.435524,-9.514038694636156,-174.43002330978925,0.5359728727272728,133.212
72.297974,-7.080662665112072,-171.18610722591256,0.4252822,88.322151,-11.09095007769713,184.99132867156732,0.5352857636363637,133.214
72.297974,-3.9422146464634125,-518.1934731932706,0.4252822,88.37883,-3.9532382284354526,253.71421911451762,0.5356292727272727,133.216
72.297974,-6.473508780107295,-624.6116550114457,0.4252822,88.37883,-1.3500075757555123,237.8441025643333,0.5356292727272727,133.218
72.248352,-12.172254933953809,-411.7886247084389,0.4249903058823529,88.152084,4.193258896660836,570.8416783219363,0.5342550545454545,133.22
72.19873,-15.979566394714539,-499.6848484846414,0.42469841176470585,88.49221,3.4247554390082087,369.99431235453085,0.5363164242424242,133.222
72.19873,-20.06657466977265,-573.7008857806795,0.42469841176470585,88.49221,4.779173737376709,137.42694638721878,0.5363164242424242,133.224
71.851379,-22.31814005438764,-407.1343589741664,0.42265517058823526,88.322151,6.210476146079031,137.41482517504483,0.5352857636363637,133.226
71.801758,-20.779575174822526,-481.16372960354784,0.42236328235294124,88.37883,6.93495909091223,-179.71235431210516,0.5356292727272727,133.228
71.851379,-21.7626127039606,-573.7034032632218,0.42265517058823526,88.49221,2.4995846542365143,-449.2673193470837,0.5363164242424242,133.23
71.652893,-23.942972688421946,-689.3674592073148,0.42148760588235296,88.548897,8.983304312357859,-507.41006992977054,0.5366599818181818,133.232
71.504036,-29.797615695414038,-680.1170163168354,0.42061197647058823,88.49221,4.06775260295467,-1046.5332400929983,0.5363164242424242,133.234
71.404793,-39.37485019424912,-985.4882983680945,0.420028194117647,88.548897,-11.12593927738601,-1194.5287645685094,0.5366599818181818,133.236
71.107063,-43.084029642578344,-758.7764102562141,0.41827684117647057,88.435524,-19.56094801864515,-919.68745920722,0.5359728727272728,133.238
70.908577,-43.656587451435826,-462.6697435895403,0.4171092764705882,88.435524,-21.582542501940452,-713.5487179484553,0.5359728727272728,133.24
70.660477,-46.13953236208067,-490.432261072041,0.41564986470588233,88.152084,-24.350856721055266,-428.1321212119219,0.5342550545454545,133.242
70.511612,-48.342846348094895,-300.736969696758,0.4147741882352941,87.982025,-24.971973387721846,-301.2751515148557,0.5332243939393939,133.244
70.213882,-47.510189704738195,-268.34946386924275,0.41302283529411765,88.038712,-19.085211577309792,-539.122144521898,0.5335679515151516,133.246
69.965782,-49.94507789432623,-495.0623776221764,0.4115634235294118,87.925339,-22.965636519033865,-692.3981351979455,0.5328808424242424,133.248
69.717674,-54.390584693082815,-300.74256410237285,0.41010396470588234,87.698586,-18.768028282826663,-1865.7844289041532,0.5315065818181819,133.25
69.419945,-56.78490423465337,-115.66060606043902,0.4083526176470588,87.641899,-41.29317622377357,-2219.9175757573757,0.5311630242424242,133.252
69.221458,-53.78522797202686,-87.9042424240688,0.4071850470588235,87.47184,-65.0162645687617,-1543.3674592072493,0.5301323636363636,133.254
68.874115,-54.288412043509766,-203.56615384598263,0.4051418529411765,87.018341,-76.55407090131916,-243.13062937032373,0.5273838848484849,133.256
68.526764,-53.85828675213463,-356.2425174822929,0.4030986117647059,86.904968,-75.98798205128037,755.8217249419831,0.5266967757575758,133.258
68.377899,-56.871342540791375,-337.7466666665132,0.4022229352941176,85.884598,-61.63352762237571,1183.9351981354412,0.5205127151515151,133.26
68.129799,-58.61222766122569,-508.9368764567189,0.4007635235294118,85.884598,-41.93645625485419,1633.2179953382802,0.5205127151515151,133.262
67.732826,-61.37862987567917,-527.4488578086675,0.39842838823529414,85.884598,-23.692611383058875,1358.3775291377606,0.5205127151515151,133.264
67.435104,-67.53215870240706,-610.71944055926,0.39667708235294113,85.884598,-19.464215578863787,813.9735198137205,0.5205127151515151,133.266
67.038132,-71.67114712509567,-573.7131002329406,0.3943419529411765,85.771217,-16.477777156175193,-100.41734265709965,0.5198255575757575,133.268
66.790024,-73.30792758352595,-50.89100233085628,0.3928824941176471,85.431091,-38.93894040403859,-1268.5142191139894,0.5177641878787879,133.27
66.343437,-70.95006577311403,41.64643356659508,0.39025551176470585,85.317726,-43.8829454156928,-1041.2399067596925,0.5170771272727273,133.272
65.996086,-69.73750800310665,-148.04857808839733,0.3882122705882353,85.034286,-45.367289743586525,-835.1012587409932,0.5153593090909091,133.274
65.648743,-67.23703597513452,-425.646247086057,0.38616907647058824,84.9776,-49.912828438226256,-227.2693706291393,0.5150157575757576,133.276
65.25177,-74.33514533799394,-208.2009324007231,0.38383394117647057,84.524101,-48.5099714840693,-253.7179487177491,0.5122672787878788,133.278
65.053291,-72.3534101398592,-342.382564102365,0.38266641764705883,84.410728,-52.75391328671128,-264.2910955709085,0.5115801696969697,133.28
64.606697,-75.23164992229749,-758.7804195802528,0.38003939411764703,84.070602,-52.084412237760034,5.286060606238607,0.5095187999999999,133.282
64.16011,-82.40694681429466,-647.7448018646246,0.3774124117647059,83.730484,-49.5826834498821,-126.8569696968043,0.5074574787878788,133.284
63.614277,-8.526632944831135,-9938.107226107044,0.3742016294117647,83.730484,0.7440504273514534,-5778.372307692029,0.5074574787878788,133.286
63.515034,-91.91487618492431,-13051.863403263225,0.3736178470588235,83.276978,-52.4593678710163,-8118.448951048718,0.5047089575757576,133.288
62.869957,-228.87028076922957,-11446.39580419564,0.3698232764705882,83.106918,-137.82953411033225,-7305.568857808663,0.5036782909090909,133.29
62.324127,-354.96847222222027,-7004.785827505704,0.3666125117647059,82.880173,-218.96631678321512,-4814.762797202573,0.5023040787878787,133.292
62.026398,-417.989460955709,-1031.7421911420352,0.36486116470588237,82.48336,-263.59243799533533,-934.1826573424405,0.4998991515151515,133.294
54.831337,-404.48145489510387,5783.353100233235,0.3225372764705882,78.136414,-251.2155534576516,3432.654452214694,0.47355402424242427,133.296
54.732094,-296.5930877622362,11178.055571095727,0.32195349411764707,78.020638,-196.38486732711544,6831.652121212392,0.47285235151515154,133.298
54.632854,-155.99416355866185,14055.845221445416,0.3213697294117647,77.904861,-103.15126313131123,9162.502284382404,0.47215067272727274,133.3
54.583233,-15.246748445997241,14014.20466200483,0.3210778411764706,77.789085,-8.94192773892621,9217.599347319556,0.471449,133.302
54.384747,59.46629731934888,10016.752634032753,0.31991027647058823,77.789085,42.24572008547159,6101.208671328903,0.471449,133.304
54.583233,-21.228743356641758,18.50079254092998,0.3210778411764706,77.731194,-5.388834071483416,-248.31477855456615,0.4710981454545455,133.306
54.087021,-19.094756565655075,-157.3113286711923,0.3181589470588235,77.731194,-10.249059945608224,-491.20102564083936,0.4710981454545455,133.308
54.087021,1.2259899766916078,-2711.230862470715,0.3181589470588235,77.673302,-0.36921219891019064,-2655.640279720101,0.4707472848484849,133.31
54.037399,-19.67307738927559,-3733.725780885645,0.31786705294117645,77.61541,-23.612652602951243,-3449.0882051279914,0.4703964242424242,133.312
54.087021,-59.0961913364398,-3655.0751515150587,0.3181589470588235,77.38385,-55.21134001553912,-3249.364941724736,0.4689930303030303,133.314
53.838913,-94.62324444444289,-2285.5778088576953,0.3166994882352941,77.210182,-87.81739992229825,-2051.092960372771,0.467940496969697,133.316
53.64043,-124.0104069153058,-1068.7586946385636,0.3155319411764706,77.15229,-101.77469782439664,-561.3462004659668,0.4675896363636363,133.318
51.754829,-121.35773982128819,906.8317948719523,0.3044401705882353,75.589272,-99.5864002330976,1074.1335198137967,0.4581168,133.32
51.605965,-96.69752478632336,2701.979673659811,0.30356449999999996,75.473488,-79.36784918414799,2428.945081585276,0.4574150787878788,133.322
51.4571,-55.049700776999316,3872.5268997670573,0.30268882352941173,75.241936,-50.40049028748763,3217.0025174827315,0.4560117333333333,133.324
51.4571,-6.724145959594466,2526.1639160840605,0.30268882352941173,75.29982,-17.0519373737352,3362.7362237764028,0.4563625454545454,133.326
51.357861,2.4174187257206086,990.1110489511775,0.30210506470588233,75.126152,4.585897591299954,2661.0377622379237,0.45531001212121214,133.328
51.208996,-36.66254013208845,-1304.7194405593145,0.3012293882352941,75.126152,-7.169586946385152,437.2031701633314,0.45531001212121214,133.33
51.159374,-53.58075384615245,-731.0135198133758,0.30093749411764703,75.068268,-0.7330977466961031,-388.63738927724626,0.4549592,133.332
51.060131,-55.414081934730575,-573.7098368296902,0.3003537117647059,75.068268,-3.463323232322068,-1381.806340326155,0.4549592,133.334
50.067711,-50.13387167831979,-411.7757575756659,0.29451594705882356,75.010376,-12.763306993004903,-1835.2122144520545,0.45460833939393935,133.336
50.067711,-44.21938088577872,-610.721864801777,0.29451594705882356,75.010376,-28.24118329448106,-2601.667599067405,0.45460833939393935,133.338
50.067711,-41.15039751359632,-1008.6225641024103,0.29451594705882356,74.894592,-47.564715656563294,-2741.9976689974283,0.4539066181818182,133.34
50.067711,-45.41090477855346,-1216.8237762236786,0.29451594705882356,74.43148,-65.87368053612897,-2768.984242424034,0.45109987878787877,133.342
49.571499,-60.104527933176996,-1633.2238694637272,0.2915970529411765,74.026245,-85.90339440559285,-1851.3855477853722,0.4486439090909091,133.344
49.17453,-90.4382277000766,-2350.3481585080044,0.2892619411764706,73.736801,-90.24173006992783,-1322.4250815849227,0.446889703030303,133.346
48.678318,-97.0234609557101,-1707.2388811187157,0.2863430470588235,73.157906,-89.67738430458326,-615.3267132865221,0.44338124848484844,133.348
48.132484,-100.88089483294323,-527.4336596734975,0.2831322588235294,72.752678,-85.53241756021578,-474.99850815829996,0.44092532121212125,133.35
47.735516,-92.40047229992103,-60.14237762225457,0.28079715294117646,72.173775,-91.52829693084527,-356.2423310021404,0.4374168181818182,133.352
47.288925,-92.15757622377441,-203.568484848347,0.27817014705882354,72.057999,-93.28848216783047,-162.30974358953245,0.43671514545454543,133.354
46.842339,-94.79471969696829,50.893519813638704,0.2755431705882353,71.363319,-91.31285823620738,-66.9020979019042,0.43250496363636365,133.356
46.197262,-94.85069238539074,-83.28158508142951,0.2717486,70.958099,-93.12048675213464,-405.01072261053196,0.43004908484848486,133.358
45.998779,-97.31639292929157,-50.896410256296804,0.27058105294117646,70.321304,-96.02973449883257,-313.591608391449,0.4261897212121212,133.36
45.304081,-94.72737082361942,13.876363636467431,0.26649459411764703,70.03186,-97.67107696192511,-400.65668997650937,0.4244355151515151,133.362
44.807873,-95.08211177156073,185.06442890456674,0.2635757235294118,69.560753,-92.95560073814954,-215.891002330849,0.42158032121212125,133.364
44.510143,-93.02703224553125,115.66778554791017,0.26182437058823527,69.030106,-102.5194910644891,-264.25724941705994,0.4183642787878788,133.366
43.914692,-92.50466588966503,-217.45417249403545,0.25832171764705886,68.440483,-104.31525011654924,-77.56717948698497,0.4147908060606061,133.368
43.517723,-91.06070687645598,83.2775757577001,0.25598660588235295,68.027748,-103.06720889665701,-426.4682517481051,0.4122893818181818,133.37
42.971889,-96.28701534576436,-198.94843822832263,0.2527758176470588,67.438133,-99.21566161615999,-363.6617249415358,0.4087159575757575,133.372
42.624542,-96.72649417249329,-217.45258741247017,0.25073259999999997,66.848511,-105.20108741258457,-32.98293706274126,0.40514249090909094,133.374
42.078709,-97.18536678321539,194.3211188812238,0.24752181764705886,66.553711,-106.22023834498657,-76.95804195786332,0.4033558242424243,133.376
41.483257,-97.83495400155266,157.31086247097483,0.24401915882352943,66.023048,-105.65227746697599,-362.8420512818557,0.4001396848484849,133.378
41.135906,-91.05299623154542,-111.0366433565323,0.2419759176470588,65.256554,-108.43094028748806,-93.46368298351445,0.39549426666666665,133.38
40.639698,-93.91768935508827,-92.53090909080129,0.23905704705882355,64.666931,-109.78250167055069,-208.90592074576125,0.391920793939394,133.382
40.093864,-94.2086957653454,166.55804195816017,0.23584625882352944,64.431084,-111.75476340326065,27.48708624725259,0.39049141818181815,133.384
39.796139,-96.35053671328626,129.54638694648747,0.23409493529411762,63.782505,-104.66269409479207,236.4044755246432,0.38656063636363636,133.386
39.299927,-96.29848084692992,-18.507878787761,0.23117604117647056,63.074966,-105.70958205127931,214.4080186481806,0.38227252121212124,133.388
38.555611,-95.04935481740364,337.7441491842583,0.22679771176470587,62.721195,-108.29418453768255,-182.95365967354155,0.3801284545454546,133.39
38.257885,-91.22265435120318,180.43906759916717,0.2250463823529412,62.07262,-108.22296157730977,-155.98927738908242,0.37619769696969696,133.392
37.860912,-91.24584324009203,291.4797202798145,0.22271124705882353,61.659885,-104.79847214451968,286.60848484861344,0.37369627272727274,133.394
37.414326,-85.30052567987451,402.52205128213245,0.22008427058823532,61.011307,-105.99039887334698,12.118601398768078,0.36976549696969696,133.396
36.868492,-13.498325912975133,-8471.448205128101,0.21687348235294118,60.598576,-10.151150349648674,-11978.659393939208,0.367264096969697,133.398
36.570766,-93.86563659673573,-11636.095664335546,0.21512215294117645,59.948895,-109.82785458430283,-15851.26331002314,0.3633266363636364,133.4
35.975311,-216.6904673659668,-10257.34573426563,0.21161947647058824,59.406521,-286.88471888111667,-14151.91776223762,0.3600395212121212,133.402
35.677586,-328.6311024864019,-6139.603263403196,0.20986815294117647,58.984676,-437.8545684149169,-8643.979020978888,0.35748288484848484,133.404
35.181374,-385.21528022532954,-675.4926806525873,0.2069492588235294,58.382038,-518.5037228049714,-1146.3441491840276,0.35383053333333336,133.406
28.581764,-370.9496963480956,5218.8924941725945,0.16812802352941175,49.39122,-491.700759129758,6612.905174825297,0.29934072727272726,133.408
28.581764,-279.31254164724066,10174.064335664432,0.16812802352941175,49.329792,-379.47235318570176,13316.324475524621,0.29896843636363635,133.41
28.38328,-149.94294238539123,13084.243449883537,0.1669604705882353,49.329792,-200.89850314685123,17390.59655011671,0.29896843636363635,133.412
28.33366,-15.32204572649482,13297.075617715713,0.1666685882352941,49.084087,-22.62225912975714,17685.503682983795,0.29747931515151516,133.414
28.184795,66.61064689199793,7717.300419580478,0.1657929117647059,49.022659,92.88219075369273,9407.318694638834,0.29710702424242424,133.416
28.184795,-18.12502420357282,-2044.9918881118156,0.1657929117647059,48.654102,-32.90636623931482,-3991.9978554777226,0.29487334545454547,133.418
27.936689,-37.01343912198814,-2021.856503496423,0.16433346470588236,48.654102,-69.6071073426557,-3751.447272727135,0.29487334545454547,133.42
27.936689,-12.925750582749458,-7319.402424242337,0.16433346470588236,48.408394,-11.84299153069037,-13779.084382284236,0.29338420606060606,133.422
27.88707,-73.48701759906663,-8675.017715617629,0.16404158823529413,48.408394,-128.71157132867006,-16727.65501165487,0.29338420606060606,133.424
26.745783,-161.41896724941637,-7240.751235431157,0.15732813529411765,46.258472,-296.7087618104101,-13982.900979020818,0.28035437575757577,133.426
26.547298,-230.85192700077607,-3701.3425641024896,0.15616057647058823,46.074192,-435.35316864801734,-7927.061351981258,0.27923752727272727,133.428
26.398436,-255.57188931623853,138.79925407930932,0.15528491764705882,45.828487,-484.5212089355075,24.47776223785695,0.2777484060606061,133.43
22.230261,-229.7453813519809,4307.436456876503,0.1307662411764706,37.667713,-445.39759700854614,7899.291655011781,0.2282891696969697,133.432
22.13102,-166.49479681429617,7259.257156177209,0.1301824705882353,37.54203,-325.30913321678247,13910.316083916185,0.22752745454545453,133.434
22.081398,-96.70332979797936,8096.682983683046,0.12989057647058824,37.479187,-185.84274937839854,15494.184522144624,0.2271465878787879,133.436
22.13102,-12.536387956487175,8388.163449883516,0.1301824705882353,37.353508,-17.7189212898208,16088.411561771665,0.22638489696969696,133.438
21.882914,36.552650505050764,5894.38648018655,0.12872302352941176,37.102146,75.7100221833727,11179.299766899881,0.22486149090909088,133.44
21.882914,-9.099205205904497,13.880932400994425,0.12872302352941176,37.164986,-18.434681818181275,-228.5144988343818,0.2252423393939394,133.442
21.833292,-10.654876845376265,55.522331002388455,0.1284311294117647,37.102146,-22.421522610721752,-134.7696969695935,0.22486149090909088,133.444
21.833292,-9.916531274280572,129.54983682989587,0.1284311294117647,36.913624,-25.26092948717843,128.8972494173795,0.22371893333333331,133.446
21.833292,-8.148694483294065,166.5632634033118,0.1284311294117647,36.85078,-25.639360916859744,164.06209790220237,0.2233380606060606,133.448
21.684429,-11.778689821289191,-4.62564102558099,0.12755546470588236,36.599419,-24.264779875679153,17.57920745931915,0.2218146606060606,133.45
21.585188,-10.346352136752017,106.41324009328673,0.12697169411764705,36.473736,-18.08568585858478,181.64102564113637,0.22105294545454546,133.452
21.634808,-8.4031716783212,129.54358974365277,0.12726357647058822,36.473736,-17.529029603728304,345.705920745997,0.22105294545454546,133.454
21.585188,-4.385713752913205,13.876550116623548,0.12697169411764705,36.473736,-12.507056449105335,-304.67645687639015,0.22105294545454546,133.456
21.535566,-6.463891491840741,157.30386946393264,0.1266798,36.348057,-18.302829526028574,-287.1073193472221,0.22029125454545453,133.458
21.535566,-8.889054273503575,55.51869463875664,0.1266798,36.159531,-24.594237412586835,-591.788158508065,0.21914867272727273,133.46
21.485945,-8.43023271173223,-32.38582750576643,0.1263879117647059,36.033852,-30.81001942501848,-345.7006060604981,0.21838698181818184,133.462
21.436323,-6.072562898212254,23.13435897441559,0.12609601764705883,36.096695,-31.603500893550518,193.35347319358334,0.21876784848484845,133.464
21.28746,-6.419528321677717,18.509370629431942,0.12522035294117648,35.593967,-27.272495920745314,574.2032634033421,0.2157210121212121,133.466
21.436323,-3.9346032245526317,-277.59953379946455,0.12609601764705883,35.719646,-23.0416241647236,749.9820046620953,0.216482703030303,133.468
21.386702,-7.246527855477382,-185.06526806520196,0.1258041294117647,35.468285,-16.557504428903655,650.375384615465,0.21495930303030303,133.47
21.28746,-10.506386247085743,-166.55990675983958,0.12522035294117648,35.468285,-8.381338344987114,398.4346853147654,0.21495930303030303,133.472
21.237839,-13.714230419579906,-74.02806526800669,0.12492846470588236,35.468285,-2.868658974358084,29.30433566442298,0.21495930303030303,133.474
21.237839,-13.818343045842596,-148.05435897431562,0.12492846470588236,35.405441,-11.276692501942023,-802.7167365966598,0.2145784303030303,133.476
20.989733,-8.289496076145582,-46.26564102557859,0.12346901764705882,35.405441,-13.00272816627745,-1119.1193473192761,0.2145784303030303,133.478
21.088976,-8.62490633255581,-148.05240093234352,0.12405279999999999,35.279762,-22.89996274281208,-1951.1316550115625,0.2138167393939394,133.48
21.039354,-10.903510722610037,-282.22713286708677,0.12376090588235293,35.09124,-35.14818158508098,-2173.7912354311266,0.21267418181818182,133.482
21.039354,-11.032671756021358,-601.4677855477203,0.12376090588235293,34.902718,-49.645086363635585,-2126.916736596617,0.21153162424242425,133.484
20.890491,-13.943622960372181,-1003.9894638694022,0.1228852411764706,34.714195,-60.863214491063616,-2220.6731002330016,0.21038906060606058,133.486
20.741629,-26.13879005438946,-1207.563636363595,0.12200958235294117,34.337151,-69.74250590520523,-2308.5620512819514,0.20810394545454544,133.488
20.692007,-32.88409343434279,-758.7765034964486,0.12171768823529412,33.834427,-86.06304681429594,-1921.8452214451136,0.2050571333333333,133.49
20.592764,-37.01922742812678,-504.3100233099667,0.12113390588235294,33.457378,-98.4261334887326,-1347.6357109556084,0.20277198787878786,133.492
20.295038,-38.07759922299883,-189.69445221440765,0.11938257647058824,33.080338,-102.17854739704643,-826.1569230768546,0.20048689696969696,133.494
19.997311,-37.13681111111097,-235.96121212115577,0.11763124117647059,32.451927,-100.2473891996886,-544.3284848484072,0.19667834545454543,133.496
19.898069,-38.5093679875678,87.9069463869946,0.11704746470588236,31.760679,-101.65434491064383,-443.411375291289,0.19248896363636364,133.498
19.798826,-33.873084459984085,333.12000000005537,0.11646368235294116,31.446476,-107.23071693861579,1.2225641026598169,0.19058470303030303,133.5
19.600342,-29.300425796425372,212.82871794878156,0.11529612941176472,31.00659,-103.61815264180177,397.4312354313388,0.18791872727272727,133.502
19.451479,-32.30001697746667,-9.25044289037396,0.11442046470588235,30.441025,-100.06300341880251,761.3591608392398,0.1844910606060606,133.504
19.153751,-34.2431870629365,-226.7052680652141,0.11266912352941176,29.808844,-94.84845742035623,291.2551981352899,0.18065966060606062,133.506
19.153751,-35.26875462315431,37.016223776268816,0.11266912352941176,29.295994,-98.0581238150728,472.95561771569373,0.1775514787878788,133.508
18.955267,-30.545677272726977,-212.82508158503697,0.11150157058823529,29.03957,-90.47246814296739,929.026853146921,0.17599739393939395,133.51
18.707163,-32.5254738539235,-448.78648018643435,0.11004213529411766,28.52672,-83.1290606060598,958.913939394004,0.17288921212121214,133.512
18.60792,-38.2914582362078,-384.01575757570936,0.10945835294117646,28.20619,-77.22503659673566,411.9744522145338,0.17094660606060605,133.514
18.359814,-46.20312972027921,-74.0314219113734,0.10799890588235295,27.501024,-80.26947311577226,155.4141724942474,0.16667287272727274,133.516
18.310194,-43.34620439005403,434.9037762238313,0.10770702352941176,27.372812,-79.90833177933075,53.79710955717019,0.1658958303030303,133.518
17.863604,-37.807700932400394,346.99841491846746,0.10508002352941176,26.988176,-77.54731721056658,268.9765967366584,0.16356470303030302,133.52
17.665119,-34.794571484070985,347.0008391608899,0.10391246470588236,26.60354,-73.97593826728718,-394.5034032633084,0.16123357575757574,133.522
17.565876,-27.808303690753263,222.0798135198529,0.10332868235294117,26.026587,-69.49553756798673,-1607.8854079253215,0.1577368909090909,133.524
17.565876,-30.021406565656093,356.2551981352499,0.10332868235294117,25.770161,-94.6672820124312,-1583.9751981351183,0.15618279393939394,133.526
17.417013,-28.105152913752306,430.28484848489825,0.10245301764705883,25.321419,-108.61174242424164,-328.7505827505174,0.15346314545454545,133.528
17.119286,-35.04511969696935,402.5229836830349,0.10070168235294116,25.000889,-115.39341126651033,788.9949650350245,0.1515205393939394,133.53
17.020044,-33.3197506993001,758.7749184149543,0.10011790588235293,24.231615,-109.4311212121205,1829.0406526807365,0.14685827272727273,133.532
16.722317,-22.42202420357367,943.840932400979,0.0983665705882353,23.141813,-88.00015252525156,1912.7254079254708,0.14025341212121212,133.534
16.82156,-11.834656021755734,1226.0681585082075,0.09895035294117648,23.205919,-62.65160427350375,2217.5629836830394,0.14064193333333333,133.536
16.672697,-2.508059168608952,860.5614918415358,0.09807468823529411,23.077707,-41.38002191142127,1745.3604662005127,0.1398648909090909,133.538
16.771938,-1.4767085858583755,384.01389277394264,0.0986584588235294,22.949493,-30.21748344988245,854.7494638695189,0.13908783636363636,133.54
16.771938,-2.365411888111396,152.68074592079574,0.0986584588235294,22.821283,-46.06966686091607,-215.1806060605577,0.13831080606060606,133.542
16.623075,-7.599332090131668,-111.0395337994778,0.09778279411764706,22.244329,-69.04222420357337,-866.7005128204619,0.13481411515151515,133.544
16.722317,-6.215143667443101,23.133892773939806,0.0983665705882353,22.05201,-66.0187299533793,-203.22582750577385,0.13364854545454544,133.546
16.573454,-9.617694755244088,189.69557109560446,0.09749090588235296,21.667374,-60.220781701631154,113.56512820519674,0.13131741818181816,133.548
16.573454,-4.358714801864181,430.2806526806944,0.09749090588235296,21.282738,-54.756652292151955,543.9276456876996,0.1289862909090909,133.55
16.573454,-0.8385938616935391,476.5485314685702,0.09749090588235296,21.218632,-47.7922059829055,539.6367365967999,0.1285977696969697,133.552
16.573454,1.827552797203083,259.0941724942222,0.09749090588235296,21.026314,-50.854115229214614,166.8355244755803,0.12743220606060607,133.554
16.523832,7.620549378399687,23.131934731982255,0.09719901176470587,20.641678,-47.826666977466544,-15.768951048890813,0.1251010787878788,133.556
16.672697,0.6593196192699224,69.39878787884663,0.09807468823529411,20.321146,-54.77749040403978,52.93230769236288,0.1231584606060606,133.558
16.623075,1.576921095571521,-23.134358974302813,0.09778279411764706,20.192936,-57.531522843822415,335.5749184149736,0.1223814303030303,133.56
16.672697,1.8159482517484662,-161.93417249411505,0.09807468823529411,19.869335,-51.85586989121907,1074.9939393939858,0.12042021212121212,133.562
16.623075,0.7460294094796609,-296.1087179486676,0.09778279411764706,19.67239,-42.56551068376018,1306.7800466200897,0.11922660606060606,133.564
16.474211,-3.718749028748789,-106.41296037292341,0.09690712352941176,19.278503,-30.858559129758476,672.3227972028471,0.11683941212121213,133.566
16.771938,-0.03276732711699992,-23.131934731894944,0.0986584588235294,19.278503,-29.06607315462267,672.1542191142544,0.11683941212121213,133.568
16.623075,-2.5658860528355945,92.53575757580256,0.09778279411764706,19.147205,-22.599918414918108,495.436363636416,0.11604366666666667,133.57
16.573454,0.8251316627820131,-69.39897435892999,0.09749090588235296,19.147205,-22.186213869463558,-79.57454545449764,0.11604366666666667,133.572
16.523832,-1.6925646076143153,-175.81529137524376,0.09719901176470587,19.015909,-27.79717944832896,-281.56764568759536,0.11524793333333334,133.574
16.672697,-5.127913092462677,-115.66834498829485,0.09807468823529411,18.556374,-35.667766977466584,-532.5285780885206,0.11246287272727273,133.576
16.523832,-2.562037334887009,550.5737995338422,0.09719901176470587,18.687668,-38.07537738927698,-6.120839160801552,0.11325859393939393,133.578
16.672697,0.39132047397086467,189.69417249422986,0.09807468823529411,18.425077,-35.49950139860118,214.23608391611924,0.11166713333333335,133.58
16.474211,2.4540600621603517,-46.267226107171155,0.09690712352941176,18.162483,-28.605662665112334,355.0192074592451,0.11007565454545455,133.582
16.523832,0.6708331390835838,64.77463869467647,0.09719901176470587,18.096836,-27.269230691530254,312.173986014026,0.10967779393939393,133.584
16.573454,2.8377130924634173,300.73613053617555,0.09749090588235296,17.899891,-29.18455893550876,-30.603263403210804,0.10848418787878789,133.586
16.771938,3.512429370629718,9.253613053664594,0.0986584588235294,17.899891,-26.16488438228407,495.80419580424496,0.10848418787878789,133.588
16.573454,4.31056289821322,129.54787878792013,0.09749090588235296,17.702948,-24.828416472416023,171.38862470868298,0.10729059393939394,133.59
16.523832,1.1508829448332563,-180.4404662004199,0.09719901176470587,17.506002,-27.81501433566376,238.71869463874646,0.10609698181818181,133.592
16.672697,3.3601395881899236,-319.2423310022914,0.09807468823529411,17.440355,-25.111545027194637,471.3183216783709,0.10569912121212122,133.594
16.722317,0.790406177156683,-37.01426573422941,0.0983665705882353,17.24341,-22.502480924630504,612.1012587413097,0.10450551515151515,133.596
16.623075,4.591978321678994,-106.41566433561093,0.09778279411764706,17.309059,-15.728548135197684,850.8225641026165,0.10490338787878789,133.598
16.722317,-3.4391959207456466,-259.0934265733813,0.0983665705882353,17.046465,-11.85188473193432,752.8876456876878,0.1033119090909091,133.6
16.672697,-5.602166045065616,-185.06694638689623,0.09807468823529411,17.112114,-7.5799526806523545,544.7730536130857,0.1037097818181818,133.602
16.523832,-3.9943542735039728,226.70862470866996,0.09719901176470587,17.046465,-4.590798756798478,544.7741724942189,0.1033119090909091,133.604
16.722317,-1.495955555555156,411.77389277394104,0.0983665705882353,17.046465,-2.5785037684532313,299.93351981356136,0.1033119090909091,133.606
16.523832,2.3827320512823746,217.45529137534868,0.09719901176470587,17.046465,-0.3289715229209662,361.1432167832554,0.1033119090909091,133.608
16.672697,6.269165501165929,254.46778554783305,0.09807468823529411,17.046465,-2.861558741258193,97.93603729608367,0.1033119090909091,133.61
16.623075,6.660512354312971,-27.75813519809526,0.09778279411764706,16.980818,1.777667404817862,-85.69305361301122,0.10291404848484847,133.612
16.722317,1.7774198912200347,-50.89379953374373,0.0983665705882353,17.046465,-2.2494655011650764,-0.0011188810694875428,0.1033119090909091,133.614
16.771938,3.034344910645302,212.82703962709456,0.0986584588235294,16.980818,-2.7876159673654115,116.29790209794737,0.10291404848484847,133.616
16.672697,0.20244522144579946,87.90480186485365,0.09807468823529411,17.046465,0.558519308469613,-104.0575291374862,0.1033119090909091,133.618
16.722317,4.555390753691114,249.83906759911224,0.0983665705882353,17.046465,-1.7164573038068909,-36.72503496498939,0.1033119090909091,133.62
16.672697,5.15872152292215,342.37324009328586,0.09807468823529411,16.849522,-2.6983523698520173,-104.05379953375996,0.10211831515151515,133.622
16.82156,10.062990520590887,476.5464801865219,0.09895035294117648,17.046465,-1.3950552836049042,-104.05585081580648,0.1033119090909091,133.624
16.871181,14.22121530691598,314.6133333333728,0.09924224117647058,17.046465,-5.427233488733378,122.42032634037423,0.1033119090909091,133.626
16.920801,13.978336130536462,-50.892680652634226,0.09953412352941177,16.849522,-2.5554892773890856,257.0813986014491,0.10211831515151515,133.628
16.920801,9.139582478632718,240.58899766903232,0.09953412352941177,16.980818,-0.828869502718959,208.11337995343092,0.10291404848484847,133.63
17.069666,-17.77798271173242,3497.7699766900096,0.10040980000000001,16.915171,-26.547420707070472,3085.000279720324,0.10251618787878788,133.632
17.119286,11.578290326340607,5177.252773892826,0.10070168235294116,16.849522,3.73380170940203,4505.078787878828,0.10211831515151515,133.634
17.119286,65.35568457653511,4945.919067599122,0.10070168235294116,17.046465,48.56272894327924,4235.752913752968,0.1033119090909091,133.636
17.119286,117.72966270396307,3312.6998601399227,0.10070168235294116,16.980818,86.6967529526037,2980.9463869464334,0.10291404848484847,133.638
17.466635,146.5519292152298,1008.6160372960985,0.10274491176470588,16.980818,115.00911235431258,1328.2690909091452,0.10291404848484847,133.64
19.798826,145.93315773115842,-1286.215944055888,0.11646368235294116,19.147205,115.43766247086288,-759.0041958041311,0.11604366666666667,133.642
20.046932,114.08616165501223,-3493.1422843822365,0.11792312941176472,19.147205,91.40751627816661,-2460.6552913752403,0.11604366666666667,133.644
20.096554,59.76126332556399,-4844.13361305356,0.11821502352941177,19.212852,56.484446697746904,-3537.9598135197593,0.11644152727272729,133.646
20.046932,6.251776884227326,-4881.144801864748,0.11792312941176472,19.344151,11.890154428904879,-3782.799720279676,0.11723727878787879,133.648
20.096554,-15.543719541568947,-3215.539020978973,0.11821502352941177,19.344151,-10.841842191141609,-2644.289230769191,0.11723727878787879,133.65
20.195795,12.551781313131556,78.65249417254745,0.11879879411764706,19.409798,16.814998251748676,153.02237762242476,0.11763513939393938,133.652
20.245417,17.997782556332737,245.2130536131117,0.11909068823529412,19.541094,17.036833566434126,-24.48643356638422,0.11843087272727273,133.654
20.394279,18.20982758352787,120.29566433570835,0.11996634705882353,19.541094,17.04192307692344,-79.57594405589953,0.11843087272727273,133.656
20.493523,17.008826534577025,-249.83972027967866,0.12055013529411765,19.738039,16.746290054390556,-91.8340326339694,0.1196244787878788,133.658
20.493523,13.816455555556075,-305.36139860133517,0.12055013529411765,19.803686,14.407387062937545,-299.95766899759656,0.12002233939393939,133.66
20.592764,12.586475524475901,-407.1477855477315,0.12113390588235294,19.803686,13.228609362859657,-489.6899766899169,0.12002233939393939,133.662
20.642385,9.349758818959202,-416.40233100226396,0.12142579411764706,19.869335,8.434057575757834,-279.7681118880446,0.12042021212121212,133.664
20.741629,8.351142424242852,-323.8704895104329,0.12200958235294117,19.934982,6.432346231546717,-322.1822843822338,0.12081807272727274,133.666
20.692007,4.807870784771211,-111.0389743589185,0.12171768823529412,20.000616,6.437459090909613,-0.9218648018177191,0.12121585454545455,133.668
20.791248,2.8010563714069576,0.0002797203505906509,0.12230145882352941,20.000616,8.475231701632083,-162.01575757571118,0.12121585454545455,133.67
20.741629,4.804002447552989,189.6924941725556,0.12200958235294117,19.934982,5.753572960373219,-138.0986480185984,0.12081807272727274,133.672
20.791248,8.407031895882369,198.94675990681935,0.12230145882352941,20.12883,5.002772649572762,14.064988345027814,0.1219929090909091,133.674
20.791248,10.45051911421939,337.74853146859823,0.12230145882352941,20.064722,5.67553581973624,154.1227039627738,0.12160437575757575,133.676
20.940113,4.516781818182608,1078.0159440559764,0.12317713529411765,20.192936,5.592913519813692,412.56857808863424,0.1223814303030303,133.678
20.989733,15.674754623155053,1179.804289044354,0.12346901764705882,20.064722,4.627364957265343,812.0475524476169,0.12160437575757575,133.68
21.039354,23.844748174048704,1045.6327272727704,0.12376090588235293,20.192936,7.085070629370961,1360.6767365968044,0.1223814303030303,133.682
21.039354,30.291251709402076,1152.0424242424633,0.12376090588235293,20.25704,23.224063014763658,1601.9076923077537,0.12276993939393939,133.684
21.188217,38.40916429681465,962.3480652681192,0.12463657058823531,20.321146,35.33548508158566,1338.907599067652,0.1231584606060606,133.686
21.833292,46.14344331779387,768.0289976690492,0.1284311294117647,20.513464,44.64262020202074,1231.3213986014416,0.12432402424242424,133.688
21.734051,45.03686398601451,694.0002797203415,0.1278473588235294,20.833994,46.47072665112697,872.6815850816474,0.1262666303030303,133.69
21.932535,44.28885606060663,490.42685314691516,0.1290149117647059,21.218632,48.76208189588269,872.6786946387565,0.1285977696969697,133.692
22.279882,41.36245683760745,564.4554778555303,0.1310581294117647,21.282738,48.37848174048219,890.6044755245348,0.1289862909090909,133.694
22.428745,49.41097175602255,619.9747319347953,0.13193379411764705,21.475056,51.339611577312155,824.8559440559984,0.13015185454545453,133.696
22.62723,62.32714405594487,957.7230769231264,0.13310135294117648,21.795588,60.40255497280549,663.4715151515775,0.13209447272727273,133.698
23.07382,61.10880668220756,439.537529137584,0.13572835294117647,22.116116,67.75951348096424,777.0440093240704,0.13403706666666668,133.7
23.321926,59.03643818958898,786.5379020979544,0.1371878,22.500751,74.37442863247918,651.5232634033127,0.13636818787878788,133.702
23.768517,66.4352698135205,749.5224242424829,0.13981480588235293,22.949493,63.291639432790134,1183.5000466200945,0.13908783636363636,133.704
23.917379,69.6006982128988,356.252773892842,0.14069046470588237,23.270025,68.88789782439846,1326.9542191142664,0.14103045454545454,133.706
24.264727,73.03601227661312,-64.77603729596558,0.14273368823529411,23.462343,79.44279316239408,1548.111794871862,0.14219601818181818,133.708
24.612076,74.36422944833043,-55.5233566432853,0.1447769176470588,23.911087,92.5080176379185,1631.788904428975,0.14491567878787878,133.71
25.257151,70.98479005439111,-203.57482517475546,0.14857147647058824,24.231615,106.16100994561072,1679.6043822844658,0.14685827272727273,133.712
25.455635,67.95237944833042,-97.15972027966018,0.1497390294117647,25.321419,118.03579386169469,1542.1273659674534,0.15346314545454545,133.714
25.753361,61.93575380730431,-314.61538461530654,0.15149035882352943,25.641949,125.50236888111971,693.3622377623178,0.1554057515151515,133.716
25.951845,60.291378088578824,-152.68177156170168,0.15265791176470586,26.218903,119.59735831390896,65.7515151515745,0.15890244242424242,133.718
26.348814,64.32818776223849,-97.1610256409549,0.15499302352941177,26.795858,117.91132202797297,-520.0185547784749,0.16239913939393938,133.72
26.696163,72.49809832944936,-23.13090909084349,0.15703625294117646,27.436918,107.41783438228543,-291.5825641024785,0.1662843515151515,133.722
27.093132,67.51091728826827,-277.5976689975814,0.15937136470588237,28.077978,113.55520108780172,529.2563170163958,0.17016956363636365,133.724
27.390858,63.35270279720362,-513.5594405593656,0.16112269411764707,28.462616,113.69273038073123,104.04792540799099,0.17250070303030304,133.726
27.738205,57.09128756798873,-768.0280652679994,0.16316591176470588,29.167782,113.9260575369085,310.4326340327243,0.17677443636363635,133.728
27.936689,52.67284308469431,-578.3353846153132,0.16433346470588236,29.488312,119.54438927738994,208.20895104902593,0.17871704242424244,133.73
28.135176,50.01830481740552,-393.2675990675125,0.16550103529411767,30.378181,121.92162804972884,391.40009324018683,0.18411018787878788,133.732
28.532145,49.00428228438318,-32.38909090901507,0.16783614705882352,31.00659,127.03346996892088,42.615664335757174,0.18791872727272727,133.734
28.730629,50.84332117327199,46.26303030311101,0.1690037,31.446476,122.05735271950363,-349.51104895094613,0.19058470303030303,133.736
28.929113,53.308886713287905,87.90358974367336,0.17017125294117647,32.200565,118.32529055944167,-286.4317948717144,0.19515493939393938,133.738
29.226839,43.42127983683059,1059.5075990676887,0.17192258235294117,32.64045,91.47991118881191,1925.2927738928665,0.1978209090909091,133.74
29.474945,51.80718811188899,1452.7799533800335,0.17338202941176473,33.394539,119.03365411810518,2789.011468531575,0.20239114545454545,133.742
29.822292,73.47356651126779,1068.7661538462235,0.17542524705882354,33.771584,158.36158430458534,1453.1018181819127,0.20467626666666666,133.744
30.020777,84.56605155400274,180.44261072268637,0.17659280588235293,34.39999,178.41010256410334,-492.1761305360451,0.20848478787878788,133.746
30.268883,84.47352859362951,-638.4814918414122,0.17805225294117646,35.0284,176.8549781274287,-1945.2762703961707,0.2122933333333333,133.748
31.310926,74.9560587412596,-1073.3917016316263,0.18418191764705882,37.290665,146.66020831390875,-2947.214079253954,0.2260040303030303,133.75
31.559032,58.73949390054497,-1202.9346386945545,0.18564136470588236,37.479187,106.81469114219215,-2619.093799533697,0.2271465878787879,133.752
31.509411,45.57468578088685,-1165.923356643263,0.18534947647058825,37.353508,72.84556324786439,-2513.628065267989,0.22638489696969696,133.754
31.658274,32.15926775446883,-781.908904428823,0.18622514117647057,37.54203,53.743697630148745,-1085.9442424241133,0.22752745454545453,133.756
31.856758,32.65665081585155,18.505361305455153,0.18739269411764706,37.919075,66.55931219891335,769.2597668998824,0.22981257575757574,133.758
32.154484,56.12351752136817,957.721118881218,0.18914402352941173,38.547482,120.01809331779447,3015.1508624709677,0.23362110303030303,133.76
32.501835,64.7946582750593,425.656596736706,0.19118726470588235,39.427254,133.634524747476,2121.060699300815,0.23895305454545454,133.762
32.700317,58.109122299923,-92.52997668987155,0.19235480588235293,39.804298,128.41630644910737,1160.4416783217857,0.2412381696969697,133.764
33.097286,50.700689432790284,-74.02498834489597,0.1946899176470588,40.607246,129.22902350427427,122.29585081595724,0.24610452121212123,133.766
33.395012,45.574721173272394,259.0956643357458,0.19644124705882354,41.160084,123.69151604506646,-97.31459207446824,0.24945505454545452,133.768
33.494255,49.09874044289165,569.0821445222282,0.19702502941176472,41.651493,126.14884696969796,-126.98536130524735,0.25243329090909095,133.77
33.64312,53.1510194638704,1212.1894638695412,0.19790070588235295,42.388611,129.895346853148,-3.312261072154797,0.25690067272727274,133.772
34.040089,63.890584654235454,1369.4951981352679,0.20023581764705883,43.248581,123.33113648018752,-149.34340326329402,0.2621126121212121,133.774
34.437057,78.64000986791058,1512.9231701632598,0.20257092352941178,43.555714,123.23457179487332,257.7338927740311,0.2639740242424243,133.776
34.883648,87.5251710955717,1369.4932400933249,0.2051979294117647,44.354252,124.79053275058402,-57.27375291360295,0.2688136484848485,133.778
35.181374,88.61436313131424,1041.001958042074,0.2069492588235294,44.845665,124.31083006993128,-320.73519813506937,0.27179190909090906,133.78
35.826447,90.48048065268154,768.0315151516261,0.21074380588235295,45.45993,126.3990182595195,-171.8238694637439,0.2755147272727273,133.782
36.173798,93.7866666666672,985.4828904430033,0.2127870470588235,46.197048,125.75703892774038,200.46041958054047,0.2799821090909091,133.784
36.620388,100.30065905205998,1008.6106293707417,0.21541404705882353,46.934162,123.56388970474109,-469.6435431233949,0.28444946666666665,133.786
37.166218,108.78092599067719,749.5165501166593,0.21862481176470588,47.364147,120.14154724164882,-87.61202797189253,0.2870554363636364,133.788
37.761673,112.00215380730435,388.6359906760954,0.22212748823529413,47.916985,116.67913791763942,-170.50685314674047,0.2904059696969697,133.79
38.257885,117.7237382672896,175.8119347320353,0.2250463823529412,48.531246,118.06228282828454,-104.20568764554992,0.29412876363636364,133.792
38.952579,114.22873150738218,-421.0231235430292,0.2291328176470588,49.329792,122.01436686091836,91.83142191157458,0.29896843636363635,133.794
39.498409,110.44840777000883,-1040.9999067597928,0.2323435823529412,49.636925,125.93557905983096,-44.694825174658035,0.30082984848484845,133.796
39.945,102.34208613053727,-1309.3495571094645,0.23497058823529413,50.487488,121.27676250971365,-475.32755244742657,0.30598477575757577,133.798
40.490833,93.50900369075453,-1462.02321678312,0.2381813705882353,51.029861,119.07752043512221,-936.6123076921576,0.30927188484848483,133.8
40.937424,82.61324390054494,-1452.7697902096843,0.24080837647058823,51.572235,112.59094902875052,-994.9491841490562,0.312559,133.802
41.384014,76.70461538461637,-1161.2957575756081,0.24343537647058824,52.174873,107.62345132090343,-948.7248484847078,0.3162113515151515,133.804
41.632118,70.31398387723499,-1003.9942191140653,0.24489481176470587,52.656982,93.17654980575185,-863.7042424241299,0.31913322424242424,133.806
42.029087,63.0346480963488,-624.6049417248214,0.24722992352941175,53.199356,97.31385897436041,-724.8500699298747,0.3224203393939394,133.808
42.326817,63.24863422688469,-222.08484848471198,0.24898127647058824,53.500675,91.86104584304712,-567.5111421910224,0.32424651515151515,133.81
42.674164,64.86790637140746,27.760372960503446,0.25102449411764705,54.043049,83.2126370629386,370.8575291377092,0.32753363030303034,133.812
42.971889,68.60201192696286,32.38629370641502,0.2527758176470588,54.46489,92.03221670551886,612.4704895106188,0.3300902424242424,133.814
43.269615,68.09113127428213,-166.56279720266684,0.25452714705882357,55.127792,100.00412762237909,567.5195337997211,0.3341078303030303,133.816
43.716206,68.16629949495041,-194.3161771560808,0.2571541529411765,55.248325,107.85436721056897,247.23468531484468,0.33483833333333335,133.818
44.013931,66.06707758352854,-374.7531934730723,0.25890547647058826,55.850964,105.68395540015683,-129.23375291356206,0.3384906909090909,133.82
44.361282,63.75573892773991,-559.8273193471869,0.26094871764705885,56.815178,103.74069409479625,-112.37743589730599,0.34433441212121213,133.822
44.609386,57.37084751359873,-550.5751048950115,0.2624081529411765,57.056232,105.7447244366756,-887.803356643235,0.3457953454545455,133.824
44.907112,54.55242167832341,-596.8451282049864,0.2641594823529412,57.538345,99.07460299145532,-1208.0827972026455,0.3487172424242424,133.826
45.204842,54.78178477078643,-564.4565034963744,0.26591083529411763,57.899925,78.74571072261267,-1432.836736596575,0.3509086363636364,133.828
45.452946,48.556932672884386,-291.4825174823818,0.26737027058823526,58.442303,73.8968661616176,-929.0778554777135,0.35419577575757577,133.83
45.651428,47.136223154624986,-46.26694638684057,0.2685378117647059,58.984676,79.19855337995511,-444.92503496485006,0.35748288484848484,133.832
45.998779,46.55786336441474,115.6630303031452,0.27058105294117646,58.984676,72.3286123543138,-688.6380419578782,0.35748288484848484,133.834
46.14764,49.12367890443045,319.24177156190854,0.27145670588235293,59.406521,70.88223341103514,-756.7660606058853,0.3600395212121212,133.836
46.296505,-8.077389665888404,7795.9552447553615,0.2723323823529412,59.948895,33.762819580421365,3198.3900233101886,0.3633266363636364,133.838
46.743095,60.78486678321849,10095.415011655154,0.27495938235294115,60.244804,65.63428787879013,4959.114871795049,0.36512002424242423,133.84
46.991199,169.8376360528374,8915.606433566543,0.27641881764705883,60.480652,122.66695151515285,4516.37603729617,0.36654940606060604,133.842
47.288925,264.7327595571111,5695.44317016334,0.27817014705882354,60.834423,168.84093022533182,1990.8691841493783,0.3686934727272727,133.844
47.586655,306.9319045454563,1360.2427039628274,0.2799215,61.011307,188.21997801087934,173.86871794889885,0.36976549696969696,133.846
53.144218,293.6206038850064,-3085.9946853145375,0.31261304705882353,64.136276,183.91838267288472,-1892.7129137527081,0.388704703030303,133.848
52.995358,236.74327937063117,-7134.33976689968,0.3117374,64.372124,152.75755085470257,-4634.472540792369,0.39013408484848483,133.85
53.044975,138.23738119658344,-10053.775664335542,0.3120292647058824,64.490051,93.31943749028972,-6443.182097901903,0.3908487939393939,133.852
53.243462,35.70437886558011,-10599.72223776206,0.3131968352941176,64.372124,28.85321903652084,-6586.115990675797,0.39013408484848483,133.854
53.64043,-22.156052369851068,-7712.669650349486,0.3155319411764706,64.902779,-9.923115151513002,-5112.768391608195,0.39335017575757575,133.856
53.938156,37.537727583529545,-818.9213986012546,0.3172832705882353,65.079666,17.08599747474932,-962.0800932399288,0.3944222181818182,133.858
53.888535,19.70578772338922,-1341.730909090722,0.31699138235294116,64.843819,13.020123504275034,-1105.0145454543672,0.39299284242424243,133.86
53.938156,6.1534507770023765,-1332.480839160704,0.3172832705882353,64.902779,0.6826831779345639,-852.1227972026536,0.39335017575757575,133.862
53.938156,0.45693570318701404,-916.0771095569253,0.3172832705882353,65.020706,-6.965893745142125,-599.2388811186611,0.3940648848484849,133.864
54.037399,4.085052719504006,-379.38638694621113,0.31786705294117645,64.961739,0.9734741258754411,296.8779487181382,0.39370750909090907,133.866
53.938156,5.943418919970895,-0.00046620027569588274,0.3172832705882353,65.020706,7.5066066045081925,219.91039627059945,0.3940648848484849,133.868
54.087021,4.108157187258939,-92.53473193456739,0.3181589470588235,64.843819,1.9563782051297949,120.95076923091256,0.39299284242424243,133.87
54.087021,3.365928088579949,-13.880745920625486,0.3181589470588235,65.079666,4.118793783995557,362.8386946388782,0.3944222181818182,133.872
54.087021,3.310012160064389,-18.507039626900223,0.3181589470588235,65.079666,10.988565462316046,252.87906759927864,0.3944222181818182,133.874
54.037399,5.268659945611944,-60.147785547658714,0.31786705294117645,65.138634,9.050363791765108,258.37864801879914,0.39477959999999995,133.876
54.136642,2.228562820514753,-83.28540792526474,0.31845083529411766,65.020706,10.326249883451169,192.4178088579938,0.3940648848484849,133.878
54.136642,4.470567715619609,87.90191142205367,0.31845083529411766,65.256554,8.335741025642733,-0.011655011447146535,0.39549426666666665,133.88
54.186264,2.3248679875696325,286.8507226108559,0.31874272941176474,65.315514,11.322678282829884,384.8206993009153,0.39585159999999997,133.882
54.186264,2.748918958820923,444.16037296054856,0.31874272941176474,65.197586,14.43790811965971,170.42153846171277,0.39513688484848486,133.884
54.136642,5.287777777779297,541.3233566435083,0.31845083529411766,65.433441,13.874447979799811,175.93258741278987,0.3965663090909091,133.886
54.235882,11.896296969699051,698.6305827507604,0.3190346,65.433441,10.367508585860719,291.36923076942185,0.3965663090909091,133.888
54.235882,16.2511951437466,772.6593939395643,0.3190346,65.492393,15.4413019425034,725.6808391609738,0.39692359393939397,133.89
54.434368,22.15797855478081,707.8881118882855,0.32020216470588236,65.669281,19.53461989122161,780.6584615386237,0.3979956424242424,133.892
54.533611,25.55094568764764,448.7896503498232,0.3207859470588235,65.610321,22.53761853146932,670.7129137530646,0.3976383090909091,133.894
54.632854,25.867064102565564,138.798321678536,0.3213697294117647,65.787209,33.1344909479418,566.2716083918276,0.3987103575757576,133.896
54.732094,24.355614918416336,198.93958041971564,0.32195349411764707,66.023048,37.06996697746865,-16.478974358775304,0.4001396848484849,133.898
54.93058,22.608966550117884,245.20895104911324,0.32312105882352943,66.199936,35.59014786325008,-456.3020046618258,0.4012117333333333,133.9
55.029823,27.991328127430393,203.57305361322142,0.3237048411764706,66.376823,28.672406876458922,-571.7473193471305,0.4022837757575758,133.902
55.129063,29.878635198137204,0.002703962822124595,0.324288605882353,66.553711,16.77710236985456,-648.7207459205601,0.4033558242424243,133.904
55.228306,28.27091581196737,-41.63813519794712,0.32487238823529413,66.553711,12.452214763016741,-318.8648018646418,0.4033558242424243,133.906
55.47641,24.581142152293978,249.83897435912513,0.32633182352941176,66.553711,14.518158547009762,-22.004755244590342,0.4033558242424243,133.908
55.674896,26.61302902098089,522.8179953381405,0.3274993882352941,66.612671,18.13052583527724,192.40298368316144,0.4037131575757576,133.91
55.674896,27.29357117327322,842.0584615386178,0.3274993882352941,66.789558,20.274497552448565,665.2067132869124,0.4047852,133.912
55.774139,31.968417987570092,1138.162890443069,0.3280831705882353,66.966438,28.823286441337814,538.7726806528808,0.4058572,133.914
55.972622,43.357757731159154,1091.8972494173977,0.3292507176470588,67.084366,28.298831080032414,406.831235431433,0.4065719151515152,133.916
56.319969,56.366437878789384,943.8404662005923,0.33129393529411766,67.143326,26.82601954157178,373.8459673661637,0.4069292484848485,133.918
56.518456,61.4037721833738,680.1197202798794,0.33246150588235296,67.261246,29.870396930848074,236.40074592088786,0.40764391515151516,133.92
56.915424,59.75741177156294,64.77268065280077,0.3347966117647059,67.615021,32.16113201243388,417.8163170165135,0.40978800606060606,133.922
57.262772,52.85592327117445,-18.50545454532039,0.33683983529411765,67.556061,37.18208313908417,280.3770629372448,0.40943067272727274,133.924
57.411636,52.4645402486417,-208.1990675989,0.33771550588235294,67.850868,38.46723694638786,-16.491095570883772,0.41121738181818185,133.926
57.610119,54.04344009324143,-333.1213986012008,0.33888305294117643,68.086716,35.2007670551684,-241.9067599065238,0.4126467636363636,133.928
57.957466,51.32144906760061,-434.90349650334247,0.34092627058823527,68.145676,28.7821611111126,175.9062004663865,0.4130040969696969,133.93
58.155952,50.54650532245728,-175.81137529119587,0.34209383529411763,68.440483,33.53746639471865,368.3387412589436,0.4147908060606061,133.932
58.602543,52.300815423466815,-425.6528671326814,0.34472084117647056,68.499451,31.178124630926504,379.3368764570623,0.4151481878787878,133.934
58.701786,45.39745147630322,-661.6171561769806,0.34530462352941177,68.617371,37.337738539240036,786.1575757577957,0.4158628545454546,133.936
58.850647,40.12103154623321,-777.287179487008,0.34618027647058824,68.79425,46.03746783216968,771.3466666668755,0.4169348484848485,133.938
59.098755,36.392616045067825,-573.7111421910013,0.3476397352941176,69.265945,52.12449467754641,343.50023310038523,0.41979360606060606,133.94
59.396481,33.22338104118239,-453.41659673642425,0.3493910647058824,69.324913,56.29591670551736,57.67766899787239,0.42015098787878785,133.942
59.396481,34.806084421136575,-166.55962703945988,0.3493910647058824,69.67868,51.230634615386634,-469.1612121210492,0.4222950303030303,133.944
59.644585,30.800190093242122,-212.82881118867226,0.3508505,69.973488,42.07972435897614,-579.1241025638737,0.42408174545454547,133.946
59.743828,31.23004087024276,-347.00522144507704,0.35143428235294116,70.147644,36.15337583527719,-405.7641958039967,0.4251372363636364,133.948
59.942314,30.563012548564643,-120.29156177140248,0.3526018470588235,70.26342,39.2453512820523,-224.4440093238518,0.42583890909090905,133.95
60.091175,29.637675524477913,231.33594405611802,0.3534775,70.437088,31.417433022535306,184.72559440580517,0.42689144242424243,133.952
60.24004,27.65976588966771,240.59151515166013,0.3543531764705882,70.610756,38.627065345766596,563.7131934734061,0.4279439757575757,133.954
60.438522,35.69864401709572,-32.38349650330929,0.35552071764705884,70.900208,49.371455749807865,333.9862004664101,0.42969823030303034,133.956
60.438522,36.236560839162735,-384.00876456860715,0.35552071764705884,71.13176,54.8131559829078,-394.02004661983665,0.43110157575757574,133.958
60.68663,34.67513457653649,-601.4627505825993,0.3569801764705882,71.189651,47.829937179488184,-820.4399999998132,0.43145243030303027,133.96
60.984356,27.432469930071534,-601.4693706292019,0.3587315058823529,71.768555,38.127689471640224,-1025.557668997455,0.4349609393939394,133.962
61.182842,22.726760178712084,-749.5262470861053,0.3598990705882353,71.884331,26.549670007771624,-869.0289044287056,0.43566261212121216,133.964
61.033978,15.722991297593353,-638.4885780884215,0.3590234,71.884331,21.66020295260398,-642.3231701629629,0.43566261212121216,133.966
61.133221,5.0661448717966096,-115.67160839142889,0.35960718235294115,71.826439,17.14396806526895,-275.28512820488686,0.4353117515151515,133.968
61.182842,12.303057692309494,263.7191608393332,0.3598990705882353,72.057999,17.153034926186706,91.76298368318385,0.43671514545454543,133.97
61.381325,21.7472444832963,596.8412121213842,0.36106661764705883,72.173775,30.260557226108745,707.0984615386842,0.4374168181818182,133.972
61.331703,28.419365540017566,518.1874125875693,0.36077472352941176,72.405334,36.377868803419915,383.2362703965191,0.438820206060606,133.974
61.480568,28.05308550893733,-83.28205128189438,0.3616504,72.463226,34.41450361305556,-10.793659673450748,0.4391710666666667,133.976
61.877537,27.617403302255525,-411.77547785526986,0.36398551176470584,72.694786,27.57741779331957,-80.96289044272999,0.4405744606060606,133.978
61.778294,23.709716705519213,-800.4124941723057,0.36340172941176474,72.868454,27.03314327894475,237.5011655013659,0.4416269939393939,133.98
61.927158,16.31475777000935,-814.2961305359713,0.3642774,72.98423,27.332285081586406,501.9769696971416,0.44232866666666665,133.982
62.026398,6.745249494951281,-1008.6168764566974,0.36486116470588237,73.042122,35.60419141414229,421.01202797222504,0.4426795272727273,133.984
62.026398,2.4617599067619267,-744.8937062935584,0.36486116470588237,73.21579,39.60292521367762,102.56027972051379,0.4437320606060606,133.986
62.026398,3.5490439393954603,-323.86601398584753,0.36486116470588237,73.505241,43.76362296037507,-145.72522144501272,0.4454863090909091,133.988
61.97678,-1.1875222999203743,-397.89361305344937,0.36456929411764705,73.736801,38.88108496503639,-134.93603729582537,0.446889703030303,133.99
62.076019,-0.5860556332538636,-143.42638694622292,0.3651530529411765,74.026245,33.73760590520692,-296.87477855455654,0.4486439090909091,133.992
62.026398,0.3989913752927805,-13.881678321493382,0.36486116470588237,74.026245,26.85788057498314,-291.47757575735886,0.4486439090909091,133.994
62.026398,0.05584355089536075,-23.133613053410954,0.36486116470588237,74.142029,26.275269891222024,-140.33902097885584,0.44934563030303026,133.996
62.026398,-1.0371787101769314,37.01501165517402,0.36486116470588237,74.199921,30.70590170940409,64.77174825192924,0.4496964909090909,133.998
62.026398,-0.5782983682969416,-13.875804195617093,0.36486116470588237,74.547256,33.36877198912282,345.4400000001842,0.45180155151515156,134.0
62.026398,1.603911111113348,64.77333333351271,0.36486116470588237,74.663033,37.82380928516102,442.5991608393597,0.4525032303030303,134.002
62.026398,0.9696722222240624,-27.759999999812862,0.36486116470588237,74.894592,37.396497979799165,64.76783216802141,0.4539066181818182,134.004
62.026398,0.5706222222236192,-41.63999999981752,0.36486116470588237,75.010376,35.85596732711906,-107.94069930051774,0.45460833939393935,134.006
62.076019,1.5916157281026244e-12,-46.26666666648089,0.3651530529411765,75.126152,34.738408624710814,-350.83813519791875,0.45531001212121214,134.008
62.026398,-0.5706222222208908,-41.63999999981752,0.36486116470588237,75.415596,36.24520139860306,-286.06899766877905,0.45706421818181814,134.01
62.026398,-0.9696722222199696,-27.759999999827414,0.36486116470588237,75.589272,32.18574215229398,-367.0369230767101,0.4581168,134.012
62.026398,-1.0255777777758794,-4.626666666496021,0.36486116470588237,75.705048,30.346180225331523,-415.62340326317644,0.4588184727272728,134.014
62.026398,-0.5667666666652167,27.760000000191212,0.36486116470588237,75.878723,22.796188461540623,-183.5191608389432,0.45987104848484844,134.016
62.026398,0.5783333333354221,69.40000000017608,0.36486116470588237,75.936607,24.903352253304774,-388.6331002329025,0.4602218606060606,134.018
62.026398,1.1566433566447358,-138.79720279704634,0.36486116470588237,76.052391,24.790769930071974,-53.97659673640737,0.4609235818181818,134.02
62.026398,2.336489510491333,-471.9188811186905,0.36486116470588237,76.226059,24.58627707847893,124.1544055946215,0.4619761151515152,134.022
62.026398,-2.560059207457016,-504.30545454526873,0.36486116470588237,76.283943,24.36376449106649,313.0587412589448,0.46232692727272723,134.024
62.026398,-6.878248951047226,-541.3219580417863,0.36486116470588237,76.631287,29.1677519425034,205.10452214472025,0.4644320424242424,134.026
62.026398,-10.849524397822393,-545.9462004660309,0.36486116470588237,76.457619,30.638397474749354,-107.96428904408094,0.4633795090909091,134.028
61.927158,-13.033683838382103,-638.4812121210489,0.3642774,76.74707,29.176487917639406,-172.73165501140465,0.46513375757575753,134.03
61.728672,-16.422716938615395,-596.8435431233665,0.36310983529411767,76.920738,29.268536557888865,-340.06060606038955,0.4661862909090909,134.032
61.778294,-19.36070679875479,-458.0414918413371,0.36340172941176474,77.15229,23.933684615386483,-296.8779487177817,0.4675896363636363,134.034
61.67905,-19.892766317014434,-416.4025174823473,0.3628179411764706,77.15229,25.305640326342086,-323.84400932381686,0.4675896363636363,134.036
61.579811,13.988007614609728,-4626.6784149182495,0.3622341823529412,77.210182,13.934864335666134,-318.44214452194865,0.467940496969697,134.038
61.381325,-25.145933255631007,-6315.415104894953,0.36106661764705883,77.38385,15.819829137530519,183.53473193497484,0.4689930303030303,134.04
61.282082,-94.70036833721667,-5667.681958041801,0.3604828352941177,77.38385,23.45302937063059,86.3696037298505,0.4689930303030303,134.042
61.182842,-148.28499044288856,-3696.7198135196268,0.3598990705882353,77.61541,30.103208818960752,-291.47216783194744,0.4703964242424242,134.044
60.984356,-178.05389153068973,-1253.832540792384,0.3587315058823529,77.557526,24.38173636363763,-663.9133799531483,0.4700456121212121,134.046
57.808605,-179.00230361305137,1836.7899300700738,0.34005061764705885,77.904861,16.537220629372882,-766.4765501163565,0.47215067272727274,134.048
57.709362,-142.6848836441319,4399.96997669015,0.33946683529411764,78.020638,11.0471729992247,-809.6572494170468,0.47285235151515154,134.05
57.808605,-79.61556464646242,6171.989743589911,0.34005061764705885,77.904861,2.9461012432026337,-863.6298368296193,0.47215067272727274,134.052
57.560497,-13.482912198910185,6417.205780885939,0.3385911588235294,77.789085,0.13709456099638828,-669.3102097900046,0.471449,134.054
57.362015,22.200351398603402,4548.025920746088,0.3374236176470588,77.904861,-4.430569619268454,-561.3514219112039,0.47215067272727274,134.056
57.510876,-0.1580564879548092,-1161.2923076921616,0.33829927058823533,77.962746,-0.24295944055734253,-32.38713286689017,0.4725014909090909,134.058
57.411636,-10.199859052057263,-1582.3208391606968,0.33771550588235294,77.904861,1.4369709790228171,-32.380699300498236,0.47215067272727274,134.06
57.362015,-25.22881445221219,-1462.0289976688582,0.3374236176470588,77.904861,-2.775302097900294,-237.48307692285744,0.47215067272727274,134.062
57.312393,-45.72693877233712,-1434.2748717947143,0.3371317235294118,77.84697,-7.383302447550477,-167.3188811186701,0.47179981818181815,134.064
57.262772,-60.914010800309256,-731.0193939392193,0.33683983529411765,77.84697,-4.628341258739056,64.77426573444973,0.47179981818181815,134.066
56.22073,-59.346814957262836,425.6478321679897,0.33071017647058826,77.84697,-2.2916849650328004,156.53006993026793,0.47179981818181815,134.068
56.270351,-48.84044448329223,1050.2563170164576,0.33100206470588234,77.789085,-3.1844181818166817,269.8802797204771,0.471449,134.07
56.171108,-33.628284265732646,1776.6425174826763,0.3304182823529412,77.789085,-0.32594254079083385,253.6802797204873,0.471449,134.072
56.022243,-12.530679992228443,1790.5248484850126,0.32954260588235296,77.84697,-0.15286666666429483,318.44279720300256,0.47179981818181815,134.074
56.022243,-2.2767761072250323,1318.606806526961,0.32954260588235296,77.789085,3.440832634034109,253.67692307712423,0.471449,134.076
55.972622,-13.324805089352594,46.27170163185656,0.3292507176470588,77.789085,2.8695529137540916,453.3893706295639,0.471449,134.078
55.823761,-11.269748057496031,254.47030303044085,0.32837506470588235,77.904861,8.54827820512935,5.398321678527282,0.47215067272727274,134.08
55.923,-10.195973659671722,124.91925407942472,0.32895882352941175,77.84697,8.757401554003309,-167.3200932398613,0.47179981818181815,134.082
55.724518,-7.192554739702814,-407.150675990546,0.3277912823529412,77.962746,5.685293667445308,-102.54993006972654,0.4725014909090909,134.084
55.724518,56.13505889666101,-8365.034778554564,0.3277912823529412,77.904861,11.389013597515145,-1311.61482517462,0.47215067272727274,134.086
55.674896,-12.332041297589285,-11724.003076922912,0.3274993882352941,78.136414,-0.7442906371384197,-1565.3115151512757,0.47355402424242427,134.088
55.674896,-137.0614549339532,-11191.935104894947,0.3274993882352941,77.84697,-15.15829576534395,-1311.6311421909122,0.47179981818181815,134.09
55.575653,-251.87446111110899,-7597.009790209646,0.32691560588235297,77.904861,-29.268742657340795,-917.6068065266445,0.47215067272727274,134.092
55.228306,-320.2413493006969,-2808.391142190998,0.32487238823529413,78.020638,-34.11102152292017,-188.92615384593955,0.47285235151515154,134.094
49.571499,-318.69333247863085,2896.3043356644303,0.2915970529411765,77.210182,-29.880615268063707,91.75673659694439,0.467940496969697,134.096
49.373013,-245.55903857808744,7601.636456876586,0.29042948823529413,77.325958,-20.659755555553943,626.1214918416881,0.4686421696969697,134.098
49.323391,-130.7306277000764,10872.697995338141,0.29013759411764706,77.325958,-16.692450427348263,539.7775291377329,0.4686421696969697,134.1
49.323391,-14.419752641801779,11372.378088578249,0.29013759411764706,77.325958,-8.712716550114465,874.4295571097464,0.4686421696969697,134.102
49.17453,48.289175019426466,7726.552167832266,0.2892619411764706,77.325958,-3.6973249417227407,804.2543589745546,0.4686421696969697,134.104
49.17453,-17.737367482515992,-194.32512820498232,0.2892619411764706,77.094398,-11.70162595182444,-345.4373892771546,0.4672387757575757,134.106
48.876804,-22.258177389276057,-240.5909557108098,0.2875106117647059,77.094398,-9.193950738148715,-183.5115151512873,0.4672387757575757,134.108
48.876804,-23.224068997667246,4.623403263554792,0.2875106117647059,77.036514,-10.124975369073809,21.599440559672075,0.4668879636363636,134.11
48.876804,-20.3555179875666,120.29053613069846,0.2875106117647059,77.094398,-9.058845998444212,124.1504895107355,0.4672387757575757,134.112
48.628696,-20.195465967364612,134.1737062938373,0.28605115294117645,77.094398,-8.532598096346419,86.36867132888437,0.4672387757575757,134.114
48.529453,-17.390552991451273,115.67067599082657,0.2854673705882353,76.862846,-12.558321833719333,-59.3698834497045,0.4658354303030303,134.116
48.479836,-18.76305341880152,-263.7183216781923,0.2851755058823529,76.804955,-12.092714102562354,140.34125874142774,0.4654845757575758,134.118
48.430214,-18.572183799532013,-111.04009323996797,0.2848836117647059,76.862846,-10.034772960371924,296.8721678323709,0.4658354303030303,134.12
48.281349,-17.982330108778342,-194.3206526805443,0.28400793529411766,76.804955,-0.7261777389268218,-0.016503496291988995,0.4654845757575758,134.122
48.231728,-17.976599689197656,-1096.5271794870423,0.28371604705882353,76.74707,1.381049184150129,-572.1709090907098,0.46513375757575753,134.124
48.082867,-24.168667599065657,-1600.8329137527908,0.28284039411764705,76.74707,-8.530483100231436,-1111.9250349647918,0.46513375757575753,134.126
47.88438,-32.78383760683573,-2095.8843822842828,0.28167282352941175,76.74707,-17.735870823618484,-1295.4454079251518,0.46513375757575753,134.128
47.834759,-51.04191903651724,-1929.3235431234061,0.2813809352941176,76.74707,-26.061818997667046,-1263.0554778552469,0.46513375757575753,134.13
47.636276,-63.20430209790004,-2123.647459207361,0.2802133882352941,76.399727,-34.38325116549902,-1387.1937529135612,0.4630286484848485,134.132
47.040821,-76.35178185703012,-1772.01818181809,0.2767107117647059,76.168167,-42.29960392385203,-1311.6208857807214,0.4616252545454545,134.134
46.693474,-86.95262575757408,-1295.4680652679453,0.27466749411764707,76.052391,-49.17245116549941,-782.6590209788556,0.4609235818181818,134.136
46.14764,-93.0753232323217,-471.91981351971117,0.27145670588235293,75.820831,-47.49476196581054,-604.5315617714077,0.45952018787878784,134.138
45.998779,-84.88991398601274,37.01482517495606,0.27058105294117646,75.589272,-49.12534797979629,-340.044662004424,0.4581168,134.14
45.304081,-78.74215893550758,46.26759906773805,0.26649459411764703,75.241936,-56.07030027194867,-286.08130536105455,0.4560117333333333,134.142
44.956734,-83.4536906759891,-106.41463869451763,0.2644513764705882,74.952484,-58.07196771561587,70.16261072281486,0.45425747878787875,134.144
44.559765,-84.13998527583351,32.38629370642229,0.26211626470588234,74.8367,-52.11882303807067,264.4859673661558,0.45355575757575756,134.146
44.311661,-86.27408391608253,106.41324009336677,0.2606568294117647,74.373589,-46.90564891219594,113.35822843841743,0.4507490242424242,134.148
43.716206,-79.6193266899752,189.69389277400842,0.2571541529411765,74.199921,-45.9046460372947,-5.398694638490269,0.4496964909090909,134.15
43.219994,-84.97284203574111,-55.520839160752075,0.25423525882352943,74.026245,-49.11628593628359,-156.52736596715113,0.4486439090909091,134.152
42.922268,-82.84646954156852,74.02741258751485,0.25248392941176473,73.852577,-50.36910555555289,-286.07058275041345,0.44759137575757574,134.154
42.525299,-78.76532346542291,-55.520093239993,0.2501488176470588,73.505241,-52.6967763403253,-118.75086247066065,0.4454863090909091,134.156
42.177952,-76.57151604506464,-129.54219114208172,0.24810559999999998,73.157906,-55.411213092461935,-604.5284848482843,0.44338124848484844,134.158
41.632118,-84.42334696969579,-374.76149184138194,0.24489481176470587,72.926338,-58.72177983682798,-275.2699300696913,0.44197780606060605,134.16
41.334393,-89.90982544677445,-296.11030303018924,0.2431434882352941,72.694786,-57.56354658119517,-91.76484848458495,0.4405744606060606,134.162
40.887802,-56.12351833721726,-3992.8256410255453,0.24051648235294118,72.34745,-27.75071363636107,-3440.172680652511,0.4384693939393939,134.164
40.341969,-91.50413729603582,-4936.667599067518,0.23730569999999998,72.173775,-61.359996231543846,-4519.367832167642,0.4374168181818182,134.166
39.895382,-147.58916635586593,-3854.019580419499,0.2346787176470588,71.652771,-114.13222389277257,-3739.4642424240737,0.4342592181818182,134.168
39.548031,-193.93882668997554,-1804.4023310022167,0.23263547647058824,71.536995,-153.27810108779954,-1936.093706293519,0.4335575454545455,134.17
39.151062,-209.66175233100194,1189.0599533800596,0.23030036470588236,71.189651,-169.16782579642427,317.5395804197251,0.43145243030303027,134.172
35.876068,-189.77474327894288,3618.0662937063935,0.21103569411764703,68.440483,-159.2101503496492,2653.270396270578,0.4147908060606061,134.174
35.826447,-143.5946600621594,5501.123356643442,0.21074380588235295,68.440483,-116.94643368298262,4328.638694638925,0.4147908060606061,134.176
35.776829,-79.45339393939344,6662.418648018742,0.21045193529411765,68.440483,-68.50006258741143,5155.0527738929595,0.4147908060606061,134.178
35.627964,-15.470343084692104,6380.182097902214,0.2095762588235294,68.263596,-16.51088092462976,5346.514032634252,0.4137187636363637,134.18
35.627964,16.96835446775492,3918.7896503497286,0.2095762588235294,68.145676,11.237946581197889,3251.2448484850393,0.4130040969696969,134.182
35.37986,-18.927009906759054,-1175.1836829835993,0.20811682352941177,68.145676,-19.29876037295878,-841.1375291373479,0.4130040969696969,134.184
35.280617,-24.828006293705187,-1596.2082051281031,0.2075330411764706,67.850868,-21.255001787099673,-1061.0503496501915,0.41121738181818185,134.186
35.230995,-35.29004867909788,-1957.085314685206,0.20724114705882352,67.850868,-26.18929444444325,-1412.8939860138198,0.41121738181818185,134.188
35.08213,-53.44403822843742,-1846.042424242336,0.2063654705882353,67.850868,-39.495934265733126,-1682.270023309844,0.41121738181818185,134.19
34.784405,-63.49929335664268,-1795.1475058274082,0.20461414705882353,67.497093,-50.3192899378389,-1896.6651748249933,0.40907329090909095,134.192
34.238571,-75.74061961926861,-1818.2803729602965,0.20140335882352942,67.143326,-62.37042692307534,-1720.733053612923,0.4069292484848485,134.194
33.891224,-84.67781010100907,-1175.1737995337135,0.1993601411764706,66.848511,-74.84289817404704,-1660.2570629369075,0.40514249090909094,134.196
33.444633,-86.26825458430397,-393.2660139859363,0.19673313529411768,66.435783,-81.62543003107874,-731.1585081583034,0.4026411090909091,134.198
